risk_score,total_lifetime_views,action_required,title,poor_phrases,detailed_assessment,video_id,url,has_issues
9,7455,"REMOVE - Contains graphic violence descriptions and gore commentary that violates harmful content policies, particularly detailed descriptions of dismemberment, decaying body parts, and graphic injuries",REACTING To If Shin Sonic Was Actually REAL!!,"Oh, he's holding the leg again. He's still got the ripped off leg | Uganda Knuckles just ate that rotten decayed gross egg or leg | And he's bleeding all over the place | I like that there's just a leg sitting on the floor now. Like with no more foot. It's just like, all right, there's just a rotten leg with a bone | did he just eat my nose? | He just totally bit your nose off | he's just chopping away at your godd knuckles with an axe | Your nose was completely ripped off, dude","This video contains extensive graphic violence descriptions including detailed gore, dismemberment, and disturbing imagery. The reactors describe and comment on scenes involving severed limbs, blood, characters being eaten alive, decaying body parts, and graphic injury details like noses being bitten off and characters bleeding profusely.",Fng-F7bQEpM,https://youtube.com/watch?v=Fng-F7bQEpM,YES
9,97806,REMOVE - Contains graphic violence descriptions and hosts expressing satisfaction/enjoyment of violent content involving characters that appear to be minors,Unknown,we're going to check out Shin Amy get shredded by a giant shredder | there's going to be like a lot of like guts and stuff | I literally got pulled in like two pieces | slime just squirting out of your face | Jet the Hawk just got impaled | Amy's about to get sawed in half | That was actually pretty satisfying | Amy is getting absolutely dominated by this spike steamroller | Look at how gruesome this is,"This video contains detailed descriptions of graphic violence including characters being 'shredded,' 'impaled,' 'sawed in half,' and having 'slime squirting out of faces.' The hosts express satisfaction and enjoyment watching these violent scenarios, with phrases like 'that was actually pretty satisfying' when watching a character get sawed in half. This goes beyond normal cartoon violence into graphic gore descriptions that would be flagged as harmful content.",DuZX6er9yns,https://youtube.com/watch?v=DuZX6er9yns,YES
9,579139,REMOVE - Contains detailed graphic violence descriptions and celebrates gruesome content involving popular children's characters,Shin Sonic Vs GIANT Shredder!!,"That was actually really gruesome. Like I I mean, he had blue blood, but still, that was gross | Nothing more satisfying than watching things get shredded by a giant machine | especially Shin Sonic getting shredded. That's going to be just way more fun | Oh, this is going to be gruesome, dude | There's nothing more horrifying than a steamroller with spikes","This video contains extensive graphic violence descriptions including characters being 'pulled apart', having 'blue blood', getting 'shredded', 'smooshed', and turned into 'pancakes'. The reactors repeatedly describe gruesome death scenarios in detail, calling content 'gruesome', 'gross', 'terrifying', and 'horrifying' while expressing enjoyment of watching characters suffer violent deaths.",OfWJY4mLc3w,https://youtube.com/watch?v=OfWJY4mLc3w,YES
9,0,"REMOVE - Contains detailed graphic violence descriptions and commentary celebrating gruesome death scenarios, which violates harmful content policies",REACTING To Spongebob Vs GIANT Shredder!!,"I was expecting a little bit more like I don't know, blood squirting all over the place | Like you'd just be getting like boiled alive for quite a while | He hit all the knives and then got put into acid. That was horrible | Getting shredded would be such a terrible way to go | That was probably one of the most gruesome deaths I've ever seen ever","This video contains extensive graphic violence descriptions including detailed death scenarios (acid boiling, knife impalement, electrocution, dismemberment). The hosts provide commentary celebrating and analyzing gruesome cartoon deaths in detail, discussing which death methods would be 'fastest' or 'most horrible.' This goes well beyond normal cartoon violence into graphic content inappropriate for child audiences.",foBO,https://youtube.com/watch?v=foBO,YES
8,5445,"EDIT - Remove all graphic violence descriptions and commentary about character deaths, gore, and body parts. Keep general reactions to the video but eliminate detailed discussions of violence and death.",REACTING To Shadow VS Shin Sonic!!,"Oh, dude. It looks like Tails finally bit the dust. I wonder if they buried that stinky leg. | Well, obvious that Knuckles just killed Tails and then buried him. | That's literally a dead Dr. Eggman. | Shin Sonic seriously murdered Dr. Eggman. | Oh no, is that my guts? That is seriously my guts out of my body right there. | Yeah, I think that would definitely happen, dude. In fact, I think there'd be a lot more guts than that. There'd be guts everywhere.","This video contains multiple instances of graphic violence descriptions that go beyond cartoon-level content, including detailed discussions of character deaths, graphic descriptions of gore and body parts, and excessive focus on disturbing imagery. The reactors repeatedly describe and dwell on graphic violence like 'dead Dr. Eggman,' character guts spilling out, and make detailed comments about gore that would be inappropriate for younger audiences.",GK3J7fTJ9rc,https://youtube.com/watch?v=GK3J7fTJ9rc,YES
8,5704,EDIT - Remove all commentary about genital injuries and replace with generic reaction commentary about the character getting hurt or failing the obstacle course,"Sonic VS Spiderman 9,745% IMPOSSIBLE Obstacle Course!","Oh my god. >> Oh no. I think his nuts are are gone | Oh my gosh, dude. I'm That was hilarious. Like it's like the tire just fell right on his nuts | Oh my gosh, look at that. Oh, that there it is. Another one in the nuts. This Spider-Man's nuts have got to be Yeah, they've got to be nothing","This video contains multiple explicit references to male genitalia being injured ('hit him right in the nuts', 'his nuts are are gone', 'Another one in the nuts') with the hosts finding this content hilarious and repeatedly commenting on it. This type of crude sexual/anatomical humor targeting children's content violates YouTube's policies on harmful content involving minors.",RmnqPqz6gHw,https://youtube.com/watch?v=RmnqPqz6gHw,YES
8,27909,"EDIT - Remove all bathroom humor commentary and gross-out content descriptions, particularly the toilet/defecation scene reactions",Sonic VS Shark,"He's pooping you out. That's gross | Flush and then the rings. This is so disturbing on so many levels | You're a cannibal. Ew, dude. That was gross | That's gross. Are all the rings going to come out there now?","This video contains multiple instances of gross-out content inappropriate for children, including detailed descriptions of bathroom humor, vomiting, and bodily functions. The reactors describe scenes involving defecation, urination, flushing toilets with graphic detail, and cannibalistic content that would be flagged as harmful to minors.",uwAXhA2Nq9Y,https://youtube.com/watch?v=uwAXhA2Nq9Y,YES
8,204740,EDIT - Remove or tone down all graphic violence descriptions. Replace with generic terms like 'defeated' or 'beat' instead of specific gore descriptions,Dark Sonic VS The World!!,you're ripping off his arms and his legs | I'm stabbing him with it | you just cut him in half | did I seriously just uppercut Scorpion's head off | you dropped them both on some spikes,"This video contains multiple detailed descriptions of graphic violence that go beyond normal cartoon action. The reactors enthusiastically describe and celebrate explicit gore like 'ripping off his arms and his legs,' 'stabbing,' characters being 'cut in half,' and 'uppercut[ting] head off.' These graphic violence descriptions combined with the celebratory tone make this problematic for YPP monetization.",xXqlfaa5Faw,https://youtube.com/watch?v=xXqlfaa5Faw,YES
8,148937,"EDIT - Remove detailed descriptions of death, impalement, bleeding out, and suffering. Keep general reactions like 'wow that was crazy' but remove graphic violence commentary",Sonic Vs GIANT Punch...,"you would basically die on the spikes or you'd like uh you'd stab your legs, you bleed out, and then you would slowly get cooked over this lava right here. That'd be the worst | Seriously, just baking your head while the rest of you is impaled on spikes | I could think of at least 19 other ways that I'd rather die | That Ankosaurus just got stabbed | he became a Stegosaurus after he was well done inside of that lava","This video contains detailed descriptions of graphic violence and death that go beyond cartoon-level content. The hosts repeatedly describe and celebrate animals/creatures being impaled on spikes, burning in lava, bleeding out, and dying in gruesome ways with specific commentary about suffering.",tXbmMMFlIQ0,https://youtube.com/watch?v=tXbmMMFlIQ0,YES
8,10000,"EDIT - Remove all sexual/suggestive commentary about twerking, butt slapping, and objects going up characters' butts. Also tone down the graphic violence descriptions and remove excessive focus on characters getting hurt in private areas.","Sonic VS Spiderman 9,945,976% IMPOSSIBLE Obstacle Course!","It's so satisfying watching everybody crash and just get hurt over and over again | What in the world did we Hang on, I've got to rewind that. What is that, bro? Like, I'm twerking and then we see like real live stuff twerking, too | Spider-Man slapping Spider-Man's butt | I did not expect to see any booty slapping right there | Oh, that went up his butt. And then that last missile went up his butt, too | Oh, and that just hit him in the nuts | Never mind. He totally just failed that one | Now it's going to be his nads. It's going to be his nads for sure. They're getting sliced","This video contains multiple instances of sexual/suggestive content inappropriate for children, including detailed commentary about 'twerking,' 'booty slapping,' and references to objects going 'up his butt.' The hosts also make repeated comments about characters getting hit 'in the nuts/nads' and describe graphic violence in detail beyond normal cartoon level.",V5sW0OphlEU,https://youtube.com/watch?v=V5sW0OphlEU,YES
8,0,"EDIT - Remove all references to eating children, babies being chewed like gum, and baby characters coming from adult character's mouth. Keep general spooky reactions but remove these specific disturbing baby/child references.",REACTING To Shin Sonic The Sad Origin Story!!,"it looks like he also just ate a couple children on the way to the park | I think in this universe that like Shin Sonics actually have babies in their mouth. They chew them like bubble gum and when they're ready, they spit them out | So Shin Sonic like spit out like a baby","This video contains multiple concerning references that could trigger YouTube's child safety policies. The reactors discuss a baby character being 'chewed like bubble gum' in an adult character's mouth, reference characters 'eating children,' and describe disturbing scenarios involving baby/child characters in inappropriate contexts. These specific dialogue choices go beyond normal Sonic horror content into potentially harmful territory.",Lw,https://youtube.com/watch?v=Lw,YES
8,189264,EDIT - Remove graphic descriptions of violence and commentary expressing enjoyment of characters being harmed. Keep general reactions but eliminate detailed descriptions of injury/damage,Sonic and Shadow Vs Giant Shredder!!,"Look at all the holes she has in her | It's shown the entire process of me like going through the grinder | This is gruesome | Hopefully, something terrible | I know this is hard to watch. I mean, look at how gruesome this is","This video contains detailed descriptions of characters being put through industrial machinery (shredders, grinders, steamrollers with spikes) with graphic commentary about the violence. The hosts describe seeing 'holes' in characters, watching the 'entire process' of grinding, and call content 'gruesome' while still expressing enjoyment of the violence.",JLfzONH8qyI,https://youtube.com/watch?v=JLfzONH8qyI,YES
7,46833,EDIT - Remove all blood/bleeding references and ketchup packet comparisons to blood splatter,"Sonic and Shadow Vs 9,918,125 Feet Fall!","I'm pretty sure that was you like just bleeding all over the place when you hit that | Pop in all those ketchup packets again | Someone just popped the cap. Like, what do you call it? A packet of ketchup. Um, yeah. I don't think that was ketchup, bro. I'm pretty sure that was you like just bleeding all over the place","This video contains multiple references to blood and graphic violence that go beyond cartoon-level content. The creators repeatedly describe characters 'bleeding all over the place' and compare blood splatter to 'popping ketchup packets,' which constitutes graphic violence descriptions inappropriate for child audiences.",GPw1aO25fWk,https://youtube.com/watch?v=GPw1aO25fWk,YES
7,7148,EDIT - Remove all bathroom humor references and fart-related commentary. Keep the creative clay/Lego discussion and character transformation reactions.,Sonic Gets Turned Into a Cursed Mini Figure!!,"Oh, now he's got this Lego figure farting on Shin Sonic | The Shin Sonic died from his fart | Oh, that must have been one insane fart to take out Sonic just that easily | maybe you shouldn't go around farting on people","This video contains multiple instances of bathroom humor and gross-out content that could trigger YouTube's harmful content policies. The reactions include detailed discussion of farting and characters dying from farts, which falls into prohibited gross-out content targeting younger audiences who watch Sonic content.",qf4GbbvCopw,https://youtube.com/watch?v=qf4GbbvCopw,YES
7,144145,EDIT - Remove or tone down graphic violence descriptions and celebratory reactions to neck-breaking and decapitation scenes,Super Sonic.EXE VS Dark Sonic!!,Did he seriously just break Tails's neck? | Did I seriously just break Sonic Exe's neck? | Did he really just rip off Sonic exe's head? | I really hope that I absolutely cook Sonic .exe for doing that to Tails,"This video contains multiple explicit descriptions of graphic violence including neck-breaking and decapitation that go beyond typical cartoon violence. The reactors enthusiastically describe and celebrate these violent acts in detail, which could be flagged as harmful content involving minors since Sonic characters are often associated with child audiences.",iynCh82AFX4,https://youtube.com/watch?v=iynCh82AFX4,YES
7,15122,EDIT - Remove all bathroom humor and bodily function references. Focus commentary on the actual fighting mechanics and animation quality instead of gross-out humor,Hyper Sonic VS Ultra Instinct Goku!!,had some chili earlier and it just blew out a big fart | Now he's going to set the whole world on fire with his farts | he just like had an energy blast come from his butt | His fart caused a mushroom cloud | super fart attack | He like pointed his butt towards the chaos spear | Now he's picking his nose | He just ate his boogers | I think he's wearing diapers | There's no place to go to the bathroom. I I'd wear diapers if I was him,"This video contains extensive bathroom humor and bodily function references that could be flagged as gross-out content harmful to minors. The dialogue repeatedly focuses on farting, boogers, and other bodily functions in detail, which goes beyond normal cartoon action into potentially problematic territory for YPP monetization.",NWCHt0jCGCM,https://youtube.com/watch?v=NWCHt0jCGCM,YES
3,3985,EDIT - Remove the brief bathroom humor dialogue about poop/smell (approximately 10 seconds of content) to be completely safe for monetization,REACTING To If Sonic Was Actually In Jurassic Park!!,"That's the stinkiest, nastiest poop I've ever seen | Is that corn pieces?","This is a standard reaction video to a Sonic/Jurassic Park crossover animation. The content consists of normal cartoon-level dinosaur action with typical movie references. The only potentially questionable moment is brief bathroom humor about smell/poop, but it's very mild and common in family content.",Etzbcn8iH3M,https://youtube.com/watch?v=Etzbcn8iH3M,NO
2,9980,KEEP - This is typical family-friendly Sonic reaction content with no policy violations,REACTING To Amy RUINS Everything!! (Funny Sonic Videos),None,"This is a standard reaction video to Sonic animations featuring normal cartoon scenarios like characters dancing, playing games, and mild slapstick humor. The content includes references to everyday activities, Christmas scenes, and typical Sonic character interactions without any graphic violence, sexual content, or genuinely harmful material.",R6VS6xH2rDM,https://youtube.com/watch?v=R6VS6xH2rDM,NO
2,5266,KEEP - Content is appropriate cartoon violence reaction with no graphic descriptions or harmful elements beyond normal animated fighting,Dark HYPER Sonic VS Fleetway Super Sonic!!,None,"This is a standard reaction video to a Sonic fan animation featuring dark/evil versions of characters fighting. The reactors discuss cartoon-level violence like characters fusing, teleporting, punching, and one character (Tails) being 'dead' but in typical animated fashion. No graphic descriptions, gore details, or genuinely harmful content - just typical superhero/anime style battle commentary.",0VAIvVsMubg,https://youtube.com/watch?v=0VAIvVsMubg,NO
2,41624,KEEP - This is standard reaction content to a 'satisfying destruction' video with no policy violations. The commentary is appropriate and doesn't contain harmful content involving minors or any other problematic material.,GIANT Sonic Vs GIANT Pacman Shredder!!,None,"This is a reaction video to content showing various toys and objects being put through an industrial shredder. The reactors discuss the shredding process, comment on the cost of items being destroyed, and express excitement about seeing things get shredded. There's no graphic violence descriptions, sexual content, or harmful material - just commentary on a destruction/satisfying content video.",yp9F9p2NWIk,https://youtube.com/watch?v=yp9F9p2NWIk,NO
2,117647,"KEEP - Content is within normal bounds for Sonic reaction content. The violence is cartoon-level, there's no graphic descriptions, sexual content, or genuinely harmful material targeting minors. This appears to be standard gaming/animation reaction content.",Shin Sonic Is Sleeping??,None,"This is a standard Sonic.EXE reaction video with typical cartoon violence and transformation themes. The content involves characters fighting, transforming into 'Shin' versions, and some mild eating/biting actions, but it's all presented in a cartoonish context without graphic descriptions or genuinely disturbing content.",9Uf6IJWe7hc,https://youtube.com/watch?v=9Uf6IJWe7hc,NO
2,3418,"KEEP - This is standard cartoon-level action content similar to what's found in many monetized gaming channels. The destruction is presented in Minecraft's blocky, non-realistic style and the commentary treats it as typical video game content rather than graphic violence.",GIANT Tornado Vs Shadows House!!,None,"This is a reaction video to a Minecraft tornado simulation/animation. The content involves cartoon-style destruction of buildings and vehicles with blocky Minecraft characters getting caught in the tornado. While there are mentions of people getting 'squished' or 'crushed,' this is presented in the same cartoonish context as typical Minecraft gameplay without graphic descriptions or gore.",Gd0lVuLBnlk,https://youtube.com/watch?v=Gd0lVuLBnlk,NO
2,33259,KEEP - This is educational nature content with cartoon character commentary. The predator-prey interactions are presented in a documentary style without graphic violence descriptions or inappropriate content.,Sonic and Shadow REACT to 1000 Ants Vs 1 Black Widow!!,None,"This is a standard nature documentary reaction video where Sonic and Shadow characters watch ants vs various predators (black widow, antlions, Venus flytraps). The content involves normal predator-prey interactions found in educational nature content, with no graphic descriptions or inappropriate commentary.",Mv4JlzLFMSQ,https://youtube.com/watch?v=Mv4JlzLFMSQ,NO
2,25793,KEEP - Content is appropriate cartoon action commentary with no policy violations. Sonic.EXE references alone don't constitute harmful content when discussed in this context.,Dark Super Sonic Vs Sonic EXE The Race!!,None,"This is a standard Sonic reaction video featuring commentary on an animated race between Dark Super Sonic and Sonic.EXE. The dialogue consists entirely of typical gaming commentary about cartoon action sequences, character transformations, and racing mechanics. While it references creepypasta characters, there's no graphic violence descriptions, inappropriate content, or genuinely harmful material - just normal cartoon fighting and transformation scenes.",EwVLhz0SP3E,https://youtube.com/watch?v=EwVLhz0SP3E,NO
2,28236,KEEP - Content is completely appropriate. The reactions focus on artistic appreciation and craftsmanship with no harmful elements present.,Movie Sonic.EXE Gets TURNED Into a Clay MASTERPIECE!!,None,"This is a wholesome reaction video of two characters watching someone create a clay sculpture of Sonic.EXE. The dialogue focuses entirely on appreciating the artistic craftsmanship, sculpting techniques, and creative process. Despite the Sonic.EXE theme, there are no graphic descriptions, violence, inappropriate content, or anything harmful - just genuine admiration for the artist's skill.",7ULqDF6sllA,https://youtube.com/watch?v=7ULqDF6sllA,NO
2,28483,"KEEP - Content is standard Sonic franchise discussion with cartoon-level action themes, appropriate for general audiences",Sonic and Shadow Watch Sonic The Hedgehog 4 Concept Trailers!!,None,"This video contains Sonic and Shadow characters reacting to fan-made concept trailers for a hypothetical Sonic Movie 4. The content discusses typical Sonic elements like Metal Sonic, transformations, time travel, and apocalyptic scenarios in a lighthearted reaction format. There's no graphic violence, sexual content, or genuinely harmful material - just standard video game/movie discussion.",mQdl6CwSebs,https://youtube.com/watch?v=mQdl6CwSebs,NO
2,5594,"KEEP - This is harmless cartoon-style video game content with no graphic descriptions, sexual content, or genuinely disturbing material. The 'violence' is purely slapstick comedy.","Sonic and Shadow VS 9,912,745 Foot Fall!!",None,"This is a standard gaming reaction video where the hosts comment on Sonic characters falling from extreme heights in what appears to be a GTA 5 mod. The content involves cartoon-style slapstick violence with characters falling, bouncing on trampolines, and getting back up unharmed - typical video game physics humor.",Q94fCtXF6Zk,https://youtube.com/watch?v=Q94fCtXF6Zk,NO
2,4682,KEEP - Content is appropriate cartoon-style gaming reactions with no harmful elements targeting minors,Super Sonic Vs Super Pacman!!,None,"This is a standard reaction video to animated Sonic vs Pac-Man content. The reactors discuss cartoon-style action like Pac-Man eating Dr. Eggman and characters racing/fighting, but it's all presented as typical video game violence without graphic descriptions. There's one mild moment where they say 'Oh, gross' when Pac-Man eats Eggman, but this is extremely brief and cartoon-level.",HvbHinNCc0A,https://youtube.com/watch?v=HvbHinNCc0A,NO
2,4340,KEEP - Content is appropriate reaction commentary to craft/art video with no harmful elements,The Most SATISFYING Sonic.EXE Magnet Art!!,None,"This is a standard reaction video to Sonic.EXE magnet art creation. The hosts discuss the artistic technique, make innocent observations about the character design, and express satisfaction with the magnet assembly process. While Sonic.EXE is mentioned, there are no graphic descriptions of violence, gore, or disturbing content - just commentary on a craft video.",08NWBujjnAs,https://youtube.com/watch?v=08NWBujjnAs,NO
2,22595,KEEP - This is completely appropriate content featuring normal cartoon video game action with clean commentary. No harmful content involving minors or any other policy violations present.,Super Sonic vs EVERY Sonic Form!!,None,"This is a standard Sonic reaction video featuring two characters commenting on fan animations of various Sonic forms fighting. The content consists entirely of cartoon video game violence (characters fighting Eggman, transforming into different forms) with lighthearted banter between the reactors. There are no graphic descriptions, sexual content, self-harm references, or genuinely disturbing material - just typical Sonic gameplay commentary.",2xA0-4z2v90,https://youtube.com/watch?v=2xA0-4z2v90,NO
2,7671,KEEP - Content is appropriate adventure/exploration theme with no policy violations,Sonic Finds Bigfoot!,None,"This video shows Sonic discovering something glowing at a beach and expressing excitement about it. The content is mild adventure/exploration themed with no graphic violence, sexual content, or genuinely harmful material. The 'I am inevitable' line appears to be a pop culture reference but isn't problematic in context.",oxCLQEulVSc,https://youtube.com/watch?v=oxCLQEulVSc,NO
2,56344,KEEP - Content is family-friendly reaction commentary to an art/crafting video with no policy violations,Sonic TRANSFORMS Into Sonic.EXE!!,None,"This is a wholesome reaction video to a clay sculpting tutorial showing the creation of a Sonic.EXE figure. The reactors make innocent comments about the crafting process, joke about clay techniques, and have casual banter about Halloween decorations and personal relationships. Despite the Sonic.EXE theme, there's no graphic violence descriptions, inappropriate content, or harmful material - just appreciation for detailed clay work.",XlqxLHrOfWg,https://youtube.com/watch?v=XlqxLHrOfWg,NO
2,0,KEEP - Content is appropriate family-friendly gaming commentary with no harmful elements targeting minors,Sonic Becomes a Pokémon Master!!,None,"This is a standard reaction video to a Sonic/Pokémon crossover animation. The content consists of normal commentary about video game mechanics, character recognition, and light humor including mild references to farting and chili dogs. There are brief mentions of Amy in a bathing suit but the commentary remains appropriate and focused on the crossover concept.",H,https://youtube.com/watch?v=H,NO
2,16274,KEEP - This is standard cartoon-level action content with exaggerated but non-graphic violence typical of animated shows and gaming content,Shadow Slaps Italian Brainrot Tung Tung Tung Sahur To The Moon!,None,"This video contains typical cartoon-style action content where Shadow is 'slapping' someone 'to the moon' - this is standard exaggerated cartoon violence similar to classic animations. The content involves fictional characters in non-graphic confrontational scenarios with no detailed violence, gore, or genuinely harmful elements.",SKJpIJWZdDE,https://youtube.com/watch?v=SKJpIJWZdDE,NO
2,14370,KEEP - Content is appropriately themed horror/spooky content without crossing into harmful territory. The reactions discuss cartoon scenarios in a lighthearted way typical of gaming/animation reaction channels.,REACTING To If Sonic.EXE Was ACTUALLY Real!!,None,"This is a standard reaction video to Sonic.EXE animations with typical spooky/horror themes but no genuinely harmful content. The reactors discuss cartoon scenarios like characters being scared, hiding from monsters, and using Amy's hammer against a Tails doll - all within normal animated content boundaries. No graphic violence descriptions, sexual content, or truly disturbing material targeting children.",NESBqLhQ540,https://youtube.com/watch?v=NESBqLhQ540,NO
2,4356,KEEP - Content is appropriate cartoon violence commentary with no harmful elements targeting minors,Godzilla Vs Sonic!!,None,"This is a standard reaction video to what appears to be a Minecraft-style animation featuring various characters fighting Godzilla. The dialogue consists of typical gaming commentary about cartoon violence (spikes, lava, characters getting defeated) without any graphic descriptions, sexual content, or genuinely harmful material targeting minors.",BxUc-oBPaj0,https://youtube.com/watch?v=BxUc-oBPaj0,NO
2,25087,KEEP - Content is within acceptable bounds for cartoon violence and mild bathroom humor typical of gaming content,Super Sonic VS Super Mario!!,How did he poop out that egg | Yoshi just ate me and then pooped me into an egg | You just broke Yoshi in half | I just decapitated Yoshi,"This is a standard reaction video to a Sonic vs Mario animation with typical cartoon fighting. The dialogue contains minor crude references like discussing Yoshi 'pooping' an egg and brief mentions of characters being defeated, but nothing beyond normal video game/cartoon violence levels that would violate YouTube's harmful content policies.",6yi4LgFbb68,https://youtube.com/watch?v=6yi4LgFbb68,NO
2,0,KEEP - Content is appropriate cartoon action commentary with no policy violations,Fleetway Super Sonic Vs Sonic EXE!!,None,"This is a standard Sonic reaction video featuring commentary on animated fights between Fleetway Super Sonic and Sonic.EXE. The dialogue consists entirely of typical gaming commentary about cartoon-style combat, character abilities, and animation quality. No graphic violence descriptions, inappropriate content, or harmful material targeting minors is present.",,https://youtube.com/watch?v=,NO
2,111270,KEEP - This is normal cartoon action content with no harmful elements targeting minors,Hyper Sonic Vs Dark Shadow!!,None,"This is a standard Sonic vs Shadow reaction video featuring cartoon fighting between the characters. The content involves typical video game combat (punches, kicks, energy attacks) with no graphic violence, gore, or inappropriate content. The commentary is lighthearted with Dragon Ball Z comparisons and jokes about character appearances.",WC9C4uqgnak,https://youtube.com/watch?v=WC9C4uqgnak,NO
2,8201,"KEEP - This is typical cartoon action content with no genuinely harmful elements. The .EXE reference alone isn't problematic, and all discussion centers on standard animated fighting and friendship themes appropriate for general audiences.",Super Tails Vs Dark Sonic EXE!!,None,"This is a standard reaction video to animated Sonic fan content featuring Super Tails fighting Dark Sonic.EXE. The reactors discuss typical cartoon fighting, energy blasts, transformations, and friendship themes. Despite the .EXE reference, there's no graphic violence, gore, disturbing content, or anything genuinely harmful - just normal animated action sequences.",x1MZl5ffTHI,https://youtube.com/watch?v=x1MZl5ffTHI,NO
2,15136,KEEP - This is appropriate cartoon parody content with no policy violations. The Jaws reference and cartoon shark encounter are standard animated fare suitable for general audiences.,Sonic Vs Giant Shark! (JAWS),None,"This is a standard reaction video to a Sonic vs Jaws parody animation. The content involves cartoon-level action where Sonic encounters a giant shark, with typical slapstick elements like characters falling into the shark's mouth and the shark inflating like a balloon from helium. No graphic violence, sexual content, or genuinely harmful material is present.",rTCZAFX0lfA,https://youtube.com/watch?v=rTCZAFX0lfA,NO
1,0,"KEEP - This is wholesome food art content with no harmful elements. The brief vomit reference is casual conversation about food taste, not graphic or inappropriate.",The Most SATISFYING Sonic and Shadow Pancake Art!!,None,"This is a completely innocent reaction video to Sonic pancake art. The content consists entirely of two characters commenting on the artistic process of making pancakes shaped like Sonic characters, discussing flavors, and friendly banter about whose pancake looks better. There is one brief mention of throwing up in relation to mixed pancake flavors tasting bad, but it's casual conversational language, not graphic or targeting children with gross-out content.",wmlDKtE93,https://youtube.com/watch?v=wmlDKtE93,NO
1,0,KEEP - Content is completely appropriate for all audiences with standard cartoon action and no harmful elements,Sonic In Real Life!!,None,"This is a standard reaction video to a Sonic fan film where real people transform into Sonic characters. The content is entirely wholesome - just commentary on characters learning their powers, collecting rings, fighting robots, and rescuing animals. There's brief mention of characters swallowing bugs while running fast, but this is presented as a normal cartoon-style consequence, not gross-out content.",Oe,https://youtube.com/watch?v=Oe,NO
1,25822,KEEP - Content is appropriate for all audiences with standard gaming reaction commentary and normal cartoon-level action references,Sonic Destroys Tung Tung Tung Sahur!,None,"This video contains standard gaming reaction content with typical engagement requests and cartoon-level action references. The creator is reacting to what appears to be a Sonic game or animation featuring a character with an unusual name. The language used is appropriate and contains no graphic violence, sexual content, or other harmful material.",1rPQFtnG-h4,https://youtube.com/watch?v=1rPQFtnG-h4,NO
1,6449,KEEP - Content is entirely appropriate and family-friendly,INSANE Sonic Art That Is On Another Level!!,None,"This is a wholesome reaction video to Sonic fan art and crafts. The content involves characters commenting on artwork, 3D printing, origami, balloons, rugs, and paper crafts. There are no graphic descriptions, sexual content, or harmful material - just positive reactions to creative fan works.",hB56rqmNpAY,https://youtube.com/watch?v=hB56rqmNpAY,NO
1,11480,KEEP - This content contains absolutely no harmful material involving minors or any other policy violations. It's standard gaming commentary appropriate for all audiences.,REACTING To Sonic in First Person!!,None,"This is a completely innocent reaction video to Sonic gameplay in first-person view. The content consists entirely of commentary about game mechanics, level design, and casual conversation between the hosts about gaming preferences and future video plans.",L-jQO6mUlvU,https://youtube.com/watch?v=L-jQO6mUlvU,NO
1,29070,KEEP - This content is perfectly safe for all audiences and contains no harmful material whatsoever,Shadow Gets Turned Into ORBEEZ!!,None,"This is a completely innocent reaction video where Sonic and Shadow characters comment on watching a satisfying craft video about making Shadow out of Orbeez in sand. The content is entirely wholesome - they discuss the crafting process, wonder about materials used, joke about energy drinks, and express amazement at the creator's skill.",7dA0zPQZkH4,https://youtube.com/watch?v=7dA0zPQZkH4,NO
1,16686,KEEP - This content is completely appropriate for all audiences and contains no harmful elements,EVERY Sonic Form Out of LEGOS!!,None,"This is a wholesome reaction video to LEGO Sonic builds with no harmful content. The dialogue consists entirely of positive commentary about LEGO construction, admiration for the builder's skills, and light character banter about Sonic universe elements. There's one brief joke about Shadow having a crush on Rouge, but it's immediately deflected and remains completely innocent.",USJrbGSXyKk,https://youtube.com/watch?v=USJrbGSXyKk,NO
1,25014,"KEEP - This content contains no harmful material whatsoever. It's just cartoon characters reacting to a craft/ASMR video with completely innocent commentary about makeup, slime textures, and casual conversation.",Sonic and Shadow Get TURNED Into Slime...,None,"This is a completely innocent reaction video where Sonic and Shadow characters watch and comment on a slime-making video using makeup products. The dialogue consists entirely of harmless banter about makeup costs, slime textures, food preferences, and friendly teasing between the characters.",1wqV6t5jCGY,https://youtube.com/watch?v=1wqV6t5jCGY,NO
1,133450,"KEEP - This is wholesome family content with no policy violations. The video shows reactions to parkour stunts and athletic tricks, which is completely appropriate for all audiences.",Sonic Stunts IN REAL LIFE!!,None,"This is a completely innocent reaction video to real-life Sonic stunts performed by a YouTuber named Nick Pro. The content involves parkour, backflips, and physical stunts inspired by Sonic games - no violence, sexual content, or harmful material whatsoever. This appears to be family-friendly content that would be perfectly acceptable for monetization.",dLkWKcSfcss,https://youtube.com/watch?v=dLkWKcSfcss,NO
1,41594,KEEP - Content is completely family-friendly craft commentary with no harmful elements,Sonic Gets TURNED Into ORBEEZ!!,None,"This is a harmless reaction video to a craft/DIY video where someone makes a Sonic figure using Orbeez, soda, and Mentos. The dialogue consists entirely of innocent commentary about the craft process, wondering about different soda flavors, discussing Orbeez textures, and mild speculation about Sonic.EXE aesthetics without any graphic content.",anmx1EF2M1k,https://youtube.com/watch?v=anmx1EF2M1k,NO
1,50957,"KEEP - This is completely family-friendly content with no policy violations. The reactions are positive and educational, showing appreciation for artistic creativity.",The Most SATISFYING Shin Sonic Magnet Art!!,None,"This is a wholesome reaction video to magnetic art creations of Sonic characters. The content is entirely positive, focusing on admiration for the artistic skill and creativity involved in making magnetic sculptures. There are no inappropriate themes, violence, or harmful content - just two people appreciating art and expressing interest in trying the craft themselves.",QtLBAfbS5I4,https://youtube.com/watch?v=QtLBAfbS5I4,NO
1,103298,KEEP - This is completely appropriate content showing genuine appreciation for artistic craftsmanship with no harmful elements,Shin Sonic Gets Turned Into Clay,None,"This is a wholesome reaction video to a clay/Play-Doh art creation process. The reactors discuss the artistic technique, express admiration for the craftsmanship, and make innocent observations about the creation process. While they mention 'Shin Sonic' (a creepypasta character), there are no graphic descriptions, violence, or inappropriate content - just appreciation for detailed clay modeling.",VnyEibvxXtM,https://youtube.com/watch?v=VnyEibvxXtM,NO
1,20721,KEEP - This is completely appropriate content with only cartoon-level action and no harmful elements,Sonic and Shadow Race EVERYONE!!,None,"This is a standard gaming reaction video where two characters comment on a Sonic racing animation. The content consists entirely of lighthearted commentary about cartoon characters in a race, with mild cartoon action like characters getting 'decapitated' but immediately getting back up. No graphic violence, sexual content, or genuinely harmful material is present.",1oYaNQV7100,https://youtube.com/watch?v=1oYaNQV7100,NO
1,108393,KEEP - This is completely safe content that shows appreciation for creative magnet art with no policy violations,The MOST Satisfying Sonic and Shadow Magnet Art!!,None,"This video contains two Sonic characters reacting to satisfying magnet art creations of themselves. The content is entirely wholesome, focusing on appreciation of the craftsmanship and stop-motion animation techniques. There are no references to violence, inappropriate content, or anything that would violate YouTube's policies regarding harmful content involving minors.",2kvBq8C4468,https://youtube.com/watch?v=2kvBq8C4468,NO
1,4056,"KEEP - This is wholesome art/craft content with zero policy violations. The reactors discuss sculpting techniques, materials, and normal character accessories throughout.",Tails Gets Turned Into a Clay MASTERPIECE!!,None,"This is a completely innocent reaction video to a clay sculpture/diorama making tutorial featuring Tails from Sonic. The dialogue consists entirely of commentary about clay sculpting techniques, tools, artistic details, and normal character features like backpacks and shoes. There is absolutely no harmful content involving minors or any other policy violations.",Ca5G5hxUhLk,https://youtube.com/watch?v=Ca5G5hxUhLk,NO
1,4409,"KEEP - Content is completely appropriate. Despite the 'cursed' title, this is just commentary on silly Lego modifications with no harmful content involving minors or any other policy violations.",Lego Sonic But EVERYTHING IS Cursed!!,None,"This is a harmless reaction video to Lego Sonic modifications. The content consists of two people commenting on visual modifications to Lego characters - making Sonic fat, giving him long legs, turning Eggman into an actual egg, etc. There's one mild comment about getting 'beat up' for wearing cheap costumes, but it's immediately corrected as outdated thinking.",dvWmzQgLt9s,https://youtube.com/watch?v=dvWmzQgLt9s,NO
1,0,KEEP - This is completely appropriate content showing cartoon characters reacting to a physics simulation game. No harmful content involving minors or any other policy violations present.,Sonic and Shadow VS BIG and Tiny Earths!!,None,"This is a standard reaction video to a Minecraft physics simulation showing Sonic and Shadow characters commenting on objects (Earth, Steve characters, swords) of increasing sizes destroying buildings. The content is purely cartoon-level destruction with no graphic violence, gore, or inappropriate content - just physics-based building demolition that's described as 'satisfying' to watch.",SBZgodX,https://youtube.com/watch?v=SBZgodX,NO
1,2963,"KEEP - This is completely appropriate reaction content with no policy violations. The discussion focuses on animation quality, character abilities, and cartoon action sequences.",Super Sonic VS 1 Punch Man!,None,"This is a standard reaction video to a Sonic vs One Punch Man fan animation. The content consists entirely of commentary about cartoon fighting, animation techniques, character powers, and plot discussion. There are no graphic descriptions, inappropriate content, or harmful material - just typical gaming/anime reaction content.",8z4oH5DU5WA,https://youtube.com/watch?v=8z4oH5DU5WA,NO
1,14726,"KEEP - This is completely safe content about arts and crafts. The characters are discussing sculpting techniques, LED installation, painting methods, and appreciating craftsmanship. There's nothing even remotely problematic here.",How To Make Shadow Power Up In REAL Life!!,None,"This video shows two characters reacting to a craft tutorial about making a detailed Shadow the Hedgehog figure with LED lights. The content is entirely wholesome - they discuss the crafting techniques, materials like clay and foil, painting details, and express admiration for the creator's skill. There is absolutely no harmful content involving minors or any other policy violations.",6qSE6EuvHaA,https://youtube.com/watch?v=6qSE6EuvHaA,NO
1,14789,"KEEP - This is completely appropriate content with no harmful elements. It's just cartoon action commentary with no graphic violence, sexual content, or disturbing themes.",Hyper Sonic and Super Eggman TEAM UP To Save The World!!,None,"This is a standard reaction video to a Dragon Ball Z/Sonic crossover animation. The content consists entirely of commentary about cartoon fighting, character transformations, and plot confusion. There's one brief moment where they notice a character appearing to undress but immediately clarify it's just a transformation, not actual nudity.",d9BWLZ5PuXg,https://youtube.com/watch?v=d9BWLZ5PuXg,NO
1,0,KEEP - This is wholesome art appreciation content with zero harmful elements. The video shows clay sculpting techniques and contains only positive commentary about the artistic process.,Movie Shadow Gets TURNED Into a Clay MASTERPIECE!!,None,"This is a completely innocent reaction video to a clay art tutorial showing someone making a Movie Shadow figure. The dialogue consists entirely of commentary about the clay-making process, artistic techniques, and appreciation for the creator's skill. There is absolutely no harmful content - just two people watching and discussing clay art.",J,https://youtube.com/watch?v=J,NO
1,8282,KEEP - This content is entirely appropriate and contains no harmful material. It's educational/creative content about LEGO building that would be suitable for all audiences.,INSANE Sonic and Shadow LEGO Mech Suits!!,None,"This is a completely wholesome reaction video to LEGO Sonic mech suit builds. The content consists entirely of positive commentary about creative LEGO construction, with no violence, inappropriate themes, or harmful content whatsoever. The hosts express enthusiasm about the craftsmanship and discuss wanting to try building similar projects themselves.",M3OPiJjJ1-M,https://youtube.com/watch?v=M3OPiJjJ1-M,NO
1,69980,KEEP - This is completely family-friendly reaction content with no policy violations. The characters simply watch a shredding video and make innocent commentary about everyday objects.,Spin Dash Sonic Slime Ball Vs GIANT Shredder!!,None,"This is a harmless reaction video where Sonic and Shadow characters watch and comment on various objects being put through an industrial shredder. The content is entirely innocent - they make jokes about pasta, ping pong, cleaning sponges, and discuss mundane topics like where to buy shredders. There's no violence, inappropriate content, or anything targeting minors harmfully.",CHYU2ujNmTA,https://youtube.com/watch?v=CHYU2ujNmTA,NO
1,108150,KEEP - This is entirely appropriate content with no policy violations. The video shows genuine appreciation for fan art and craftsmanship with no harmful elements whatsoever.,The MOST Satisfying Sonic Art!!,None,"This is a completely wholesome reaction video to Sonic fan art creation videos. The content consists entirely of positive commentary about various art techniques including glitter art, cake decorating, shoe crafting, aluminum can sculptures, and fidget spinners. There is absolutely no harmful content - just enthusiastic reactions to creative artwork.",-sL1svARfyA,https://youtube.com/watch?v=-sL1svARfyA,NO
1,6688,KEEP - Content is completely appropriate. This is standard reaction commentary with no policy violations.,Dark Sonic Gets Turned Into Orbeez!!,None,"This is a standard reaction video to a craft/DIY video where someone makes a Dark Sonic figure out of cement and fills it with Orbeez and sodas. The dialogue consists entirely of innocent commentary about the craft process, speculation about how it's made, and casual banter about sodas and Orbeez. There's no graphic content, violence descriptions, or inappropriate material - just two people reacting to a messy but harmless craft video.",fWdGIvyCckE,https://youtube.com/watch?v=fWdGIvyCckE,NO
1,22902,KEEP - This is completely appropriate content featuring standard Sonic characters in typical cartoon action scenarios with no harmful elements present,Sonic and Shadow Vs Metallix!!,None,"This is a standard Sonic reaction video featuring two creators commenting on a sprite animation of Sonic and Shadow fighting Metal Sonic (called 'Metallix'). The content consists entirely of typical cartoon action commentary with no graphic violence, sexual content, or harmful material - just normal video game fighting with transformations and energy attacks.",rqOkCBNwh1E,https://youtube.com/watch?v=rqOkCBNwh1E,NO
1,71815,KEEP - Content is completely appropriate for all audiences with no policy violations,Fake VS REAL Sonic!!,None,"This is a harmless reaction video to a live-action Sonic fan film about characters trying to get into a movie theater. The content is entirely comedic and family-friendly, featuring costume changes, whack-a-mole games, and silly disguises. There's no graphic violence, sexual content, or genuinely disturbing material - just cartoon-level silliness.",Qq4TGFTyJlw,https://youtube.com/watch?v=Qq4TGFTyJlw,NO
1,40213,KEEP - This is wholesome craft content with zero policy violations. The reaction commentary is entirely appropriate and child-friendly.,Sonic Gets TURNED Into Slime!!,None,"This video is a completely innocent reaction to a slime-making craft video featuring Sonic characters. The content involves watching someone mix makeup and glitter into clear slime to create colorful slime representing Sonic and Knuckles. There is absolutely no harmful content - just commentary about colors, makeup ingredients, and the slime-making process.",1jQi7c5juKg,https://youtube.com/watch?v=1jQi7c5juKg,NO
1,78067,KEEP - This content is entirely wholesome and appropriate. It's a standard craft reaction video with no harmful elements whatsoever.,How To Make Sonic Power Up In REAL Life!!,None,"This is a completely innocent reaction video to a clay crafting tutorial showing someone making a detailed Sonic figure with LED lights. The entire transcript consists of the reactors being amazed by the craftsmanship, discussing clay sculpting techniques, wondering about pricing, and making harmless jokes about costs and fame. There is absolutely no harmful content involving minors or any other policy violations.",L7nQuU9HPt0,https://youtube.com/watch?v=L7nQuU9HPt0,NO
1,20715,KEEP - This is completely appropriate content that discusses fictional character power levels in a family-friendly manner with no policy violations,Sonic VS Shadow Power Levels,None,"This is a standard power level comparison reaction video featuring Sonic and Shadow characters discussing numerical power rankings from what appears to be a fan-made tier list or game. The content consists entirely of friendly competitive banter about fictional character statistics with no graphic violence, sexual content, or harmful material targeting minors.",XaI0rDckzDU,https://youtube.com/watch?v=XaI0rDckzDU,NO
1,6758,KEEP - This content is entirely appropriate and safe for all audiences,Sonic Prime Stunts In REAL Life!!,None,"This is a completely innocent reaction video to parkour/stunt content. The dialogue consists entirely of commentary about trampolines, flips, foam pits, and athletic stunts with no inappropriate content whatsoever. There are no references to violence, scary content, sexual material, or anything that would violate child safety policies.",WzJdcB1xw7Y,https://youtube.com/watch?v=WzJdcB1xw7Y,NO
1,6599,KEEP - Content is completely appropriate with only mild adventure themes and harmless humor,Sonic and Bigfoot Find Aliens!,None,"This video contains only lighthearted adventure content with Sonic searching for Bigfoot and encountering aliens. The dialogue includes mild humor about GPS navigation and a smoky smell, but contains no graphic violence, sexual content, self-harm references, or genuinely disturbing material that would violate YouTube's harmful content policies.",yjSwzw-Umzw,https://youtube.com/watch?v=yjSwzw-Umzw,NO
